name,url,license,resource_type,acquisition_method,supported_passage_or_claim,integration_mode,claim_ids,internals_modified,access_date
ZhangAikenSC: High-Performance Branch-Free Algorithms for Extended-Precision Floating-Point Arithmetic (2025),https://doi.org/10.1145/3712285.3759876,Publisher or scholarly copyright; source not bundled,scholarly or official literature source,Publisher or primary bibliographic record inspected; cited technical context checked; exact identifier retained in reference_audit.csv,Manuscript support/contrast in Related Work and Boundaries / Error-free transformations and extended precision,Cited in manuscript; source file not bundled; row-level verification recorded in reference_audit.csv,C07,no,2026-09-16
ZhangAikenCAV: Automatic Verification of Floating-Point Accumulation Networks (2025),https://doi.org/10.1007/978-3-031-98682-6_12,Publisher or scholarly copyright; source not bundled,scholarly or official literature source,Publisher or primary bibliographic record inspected; cited technical context checked; exact identifier retained in reference_audit.csv,Manuscript support/contrast in Related Work and Boundaries / Error-free transformations and extended precision,Cited in manuscript; source file not bundled; row-level verification recorded in reference_audit.csv,C07,no,2026-09-16
KornerupSums: On the Computation of Correctly-Rounded Sums (2012),https://doi.org/10.1109/TC.2011.27,Publisher or scholarly copyright; source not bundled,scholarly or official literature source,Publisher or primary bibliographic record inspected; cited technical context checked; exact identifier retained in reference_audit.csv,Manuscript support/contrast in Related Work and Boundaries / Error-free transformations and extended precision,Cited in manuscript; source file not bundled; row-level verification recorded in reference_audit.csv,C07,no,2026-09-16
AliveFP: {Alive-FP}: Automated Verification of Floating Point Based Peephole Optimizations in {LLVM} (2016),https://doi.org/10.1007/978-3-662-53413-7_16,Publisher or scholarly copyright; source not bundled,scholarly or official literature source,Publisher or primary bibliographic record inspected; cited technical context checked; exact identifier retained in reference_audit.csv,Manuscript support/contrast in Related Work and Boundaries / Formal floating-point semantics and verified optimization,Cited in manuscript; source file not bundled; row-level verification recorded in reference_audit.csv,C07,no,2026-09-16
SIPE: {SIPE}: Small Integer Plus Exponent (2013),https://doi.org/10.1109/ARITH.2013.22,Publisher or scholarly copyright; source not bundled,scholarly or official literature source,Publisher or primary bibliographic record inspected; cited technical context checked; exact identifier retained in reference_audit.csv,Manuscript support/contrast in Related Work and Boundaries / Formal floating-point semantics and verified optimization,Cited in manuscript; source file not bundled; row-level verification recorded in reference_audit.csv,C07,no,2026-09-16
KouyaFMA: Performance Evaluation of Branch-Free Fused Multiply-Add Algorithms for Multi-Component-Type Multiple-Precision Floating-Point Arithmetic (2026),https://doi.org/10.48550/arXiv.2607.11391,Author-posted preprint terms; source not bundled,scholarly or official literature source,Primary preprint record and technical description inspected; exact identifier retained in reference_audit.csv,Manuscript support/contrast in Related Work and Boundaries / Error-free transformations and extended precision,Cited in manuscript; source file not bundled; row-level verification recorded in reference_audit.csv,C07,no,2026-09-16
"IntelSDM: {Intel 64 and IA-32 Architectures Software Developer's Manual, Combined Volumes 1, 2A--2D, 3A--3D, and 4} (2026)",https://www.intel.com/content/www/us/en/developer/articles/technical/intel-sdm.html,Official documentation or standards terms; source not bundled,scholarly or official literature source,Official document and bibliographic metadata inspected; exact source retained in reference_audit.csv,"Manuscript support/contrast in The Operational Contract / Registers and the frozen grammar; The Operational Contract / Words, values, and rounding; Validation, Falsification, and Resource Evidence / Two exact implementations and a contract-level control",Cited in manuscript; source file not bundled; row-level verification recorded in reference_audit.csv,C01;C02;C08;C11;C12;C20,no,2026-09-16
IEEE754: {IEEE Standard for Floating-Point Arithmetic} (2019),https://doi.org/10.1109/IEEESTD.2019.8766229,Official documentation or standards terms; source not bundled,scholarly or official literature source,Official document and bibliographic metadata inspected; exact source retained in reference_audit.csv,Manuscript support/contrast in Related Work and Boundaries / Error-free transformations and extended precision,Cited in manuscript; source file not bundled; row-level verification recorded in reference_audit.csv,C07,no,2026-09-16
Goldberg1991: What Every Computer Scientist Should Know About Floating-Point Arithmetic (1991),https://doi.org/10.1145/103162.103163,Publisher or scholarly copyright; source not bundled,scholarly or official literature source,Publisher or primary bibliographic record inspected; cited technical context checked; exact identifier retained in reference_audit.csv,Manuscript support/contrast in Related Work and Boundaries / Error-free transformations and extended precision,Cited in manuscript; source file not bundled; row-level verification recorded in reference_audit.csv,C07,no,2026-09-16
MullerHandbook: Handbook of Floating-Point Arithmetic (2018),https://doi.org/10.1007/978-3-319-76526-6,Publisher copyright; source not bundled,scholarly or official literature source,Authoritative book or catalog record inspected; exact identifier retained in reference_audit.csv,Manuscript support/contrast in Introduction; Related Work and Boundaries / Error-free transformations and extended precision,Cited in manuscript; source file not bundled; row-level verification recorded in reference_audit.csv,C07,no,2026-09-16
"KnuthSeminumerical: The Art of Computer Programming, Volume 2: Seminumerical Algorithms (1997)",https://search.worldcat.org/isbn/9780201896848,Publisher copyright; source not bundled,scholarly or official literature source,Authoritative book or catalog record inspected; exact identifier retained in reference_audit.csv,Manuscript support/contrast in Related Work and Boundaries / Error-free transformations and extended precision,Cited in manuscript; source file not bundled; row-level verification recorded in reference_audit.csv,C07,no,2026-09-16
Dekker1971: A Floating-Point Technique for Extending the Available Precision (1971),https://doi.org/10.1007/BF01397083,Publisher or scholarly copyright; source not bundled,scholarly or official literature source,Publisher or primary bibliographic record inspected; cited technical context checked; exact identifier retained in reference_audit.csv,Manuscript support/contrast in Introduction; Related Work and Boundaries / Error-free transformations and extended precision,Cited in manuscript; source file not bundled; row-level verification recorded in reference_audit.csv,C07,no,2026-09-16
Moller1965: Quasi Double-Precision in Floating Point Addition (1965),https://doi.org/10.1007/BF01975722,Publisher or scholarly copyright; source not bundled,scholarly or official literature source,Publisher or primary bibliographic record inspected; cited technical context checked; exact identifier retained in reference_audit.csv,Manuscript support/contrast in Introduction; Related Work and Boundaries / Error-free transformations and extended precision,Cited in manuscript; source file not bundled; row-level verification recorded in reference_audit.csv,C07,no,2026-09-16
Shewchuk1997: Adaptive Precision Floating-Point Arithmetic and Fast Robust Geometric Predicates (1997),https://doi.org/10.1007/PL00009321,Publisher or scholarly copyright; source not bundled,scholarly or official literature source,Publisher or primary bibliographic record inspected; cited technical context checked; exact identifier retained in reference_audit.csv,Manuscript support/contrast in Introduction; Related Work and Boundaries / Error-free transformations and extended precision,Cited in manuscript; source file not bundled; row-level verification recorded in reference_audit.csv,C07,no,2026-09-16
Priest1991: Algorithms for Arbitrary Precision Floating Point Arithmetic (1991),https://www.microsoft.com/en-us/research/publication/algorithms-for-arbitrary-precision-floating-point-arithmetic/,Publisher or scholarly copyright; source not bundled,scholarly or official literature source,Publisher or primary bibliographic record inspected; cited technical context checked; exact identifier retained in reference_audit.csv,Manuscript support/contrast in Introduction; Related Work and Boundaries / Error-free transformations and extended precision,Cited in manuscript; source file not bundled; row-level verification recorded in reference_audit.csv,C07,no,2026-09-16
QD2005: Algorithms for Quad-Double Precision Floating Point Arithmetic (2001),https://doi.org/10.1109/ARITH.2001.930115,Publisher or scholarly copyright; source not bundled,scholarly or official literature source,Publisher or primary bibliographic record inspected; cited technical context checked; exact identifier retained in reference_audit.csv,Manuscript support/contrast in Related Work and Boundaries / Error-free transformations and extended precision,Cited in manuscript; source file not bundled; row-level verification recorded in reference_audit.csv,C07,no,2026-09-16
OgitaRumpOishi2005: Accurate Sum and Dot Product (2005),https://doi.org/10.1137/030601818,Publisher or scholarly copyright; source not bundled,scholarly or official literature source,Publisher or primary bibliographic record inspected; cited technical context checked; exact identifier retained in reference_audit.csv,Manuscript support/contrast in Introduction; Related Work and Boundaries / Error-free transformations and extended precision,Cited in manuscript; source file not bundled; row-level verification recorded in reference_audit.csv,C07,no,2026-09-16
BoldoGraillatMuller2017: On the Robustness of the 2Sum and Fast2Sum Algorithms (2017),https://doi.org/10.1145/3054947,Publisher or scholarly copyright; source not bundled,scholarly or official literature source,Publisher or primary bibliographic record inspected; cited technical context checked; exact identifier retained in reference_audit.csv,Manuscript support/contrast in Related Work and Boundaries / Error-free transformations and extended precision,Cited in manuscript; source file not bundled; row-level verification recorded in reference_audit.csv,C07,no,2026-09-16
Monniaux2008: The Pitfalls of Verifying Floating-Point Computations (2008),https://doi.org/10.1145/1353445.1353446,Publisher or scholarly copyright; source not bundled,scholarly or official literature source,Publisher or primary bibliographic record inspected; cited technical context checked; exact identifier retained in reference_audit.csv,Manuscript support/contrast in Related Work and Boundaries / Formal floating-point semantics and verified optimization,Cited in manuscript; source file not bundled; row-level verification recorded in reference_audit.csv,C07,no,2026-09-16
Flocq2011: Flocq: A Unified Library for Proving Floating-Point Algorithms in {Coq} (2011),https://doi.org/10.1109/ARITH.2011.40,Publisher or scholarly copyright; source not bundled,scholarly or official literature source,Publisher or primary bibliographic record inspected; cited technical context checked; exact identifier retained in reference_audit.csv,Manuscript support/contrast in Related Work and Boundaries / Formal floating-point semantics and verified optimization,Cited in manuscript; source file not bundled; row-level verification recorded in reference_audit.csv,C07,no,2026-09-16
Gappa2005: Certification of Bounds on Expressions Involving Rounded Operators (2007),https://arxiv.org/abs/cs/0701186,Author-posted preprint terms; source not bundled,scholarly or official literature source,Primary preprint record and technical description inspected; exact identifier retained in reference_audit.csv,Manuscript support/contrast in Related Work and Boundaries / Formal floating-point semantics and verified optimization,Cited in manuscript; source file not bundled; row-level verification recorded in reference_audit.csv,C07,no,2026-09-16
FPTaylor: Rigorous Estimation of Floating-Point Round-Off Errors with Symbolic Taylor Expansions (2015),https://doi.org/10.1007/978-3-319-19249-9_33,Publisher or scholarly copyright; source not bundled,scholarly or official literature source,Publisher or primary bibliographic record inspected; cited technical context checked; exact identifier retained in reference_audit.csv,Manuscript support/contrast in Related Work and Boundaries / Formal floating-point semantics and verified optimization,Cited in manuscript; source file not bundled; row-level verification recorded in reference_audit.csv,C07,no,2026-09-16
Herbie: Automatically Improving Accuracy for Floating Point Expressions (2015),https://doi.org/10.1145/2737924.2737959,Publisher or scholarly copyright; source not bundled,scholarly or official literature source,Publisher or primary bibliographic record inspected; cited technical context checked; exact identifier retained in reference_audit.csv,Manuscript support/contrast in Related Work and Boundaries / Formal floating-point semantics and verified optimization,Cited in manuscript; source file not bundled; row-level verification recorded in reference_audit.csv,C07,no,2026-09-16
SoundCompilationReals: Sound Compilation of Reals (2014),https://doi.org/10.1145/2535838.2535874,Publisher or scholarly copyright; source not bundled,scholarly or official literature source,Publisher or primary bibliographic record inspected; cited technical context checked; exact identifier retained in reference_audit.csv,Manuscript support/contrast in Related Work and Boundaries / Formal floating-point semantics and verified optimization,Cited in manuscript; source file not bundled; row-level verification recorded in reference_audit.csv,C07,no,2026-09-16
Daisy: Sound Mixed-Precision Optimization with Rewriting (2018),https://doi.org/10.1109/ICCPS.2018.00029,Publisher or scholarly copyright; source not bundled,scholarly or official literature source,Publisher or primary bibliographic record inspected; cited technical context checked; exact identifier retained in reference_audit.csv,Manuscript support/contrast in Related Work and Boundaries / Formal floating-point semantics and verified optimization,Cited in manuscript; source file not bundled; row-level verification recorded in reference_audit.csv,C07,no,2026-09-16
RLibm: {RLibm}: A Correctly Rounded Math Library for Multiple Floating-Point Representations (2021),https://doi.org/10.1145/3453483.3454049,Publisher or scholarly copyright; source not bundled,scholarly or official literature source,Publisher or primary bibliographic record inspected; cited technical context checked; exact identifier retained in reference_audit.csv,Manuscript support/contrast in Related Work and Boundaries / Formal floating-point semantics and verified optimization,Cited in manuscript; source file not bundled; row-level verification recorded in reference_audit.csv,C07,no,2026-09-16
RLibmAll: {RLibm-All}: A Novel Polynomial Approximation Method to Produce Correctly Rounded Results for Multiple Representations and Rounding Modes (2022),https://doi.org/10.1145/3498664,Publisher or scholarly copyright; source not bundled,scholarly or official literature source,Publisher or primary bibliographic record inspected; cited technical context checked; exact identifier retained in reference_audit.csv,Manuscript support/contrast in Related Work and Boundaries / Formal floating-point semantics and verified optimization,Cited in manuscript; source file not bundled; row-level verification recorded in reference_audit.csv,C07,no,2026-09-16
Massalin1987: Superoptimizer: A Look at the Smallest Program (1987),https://doi.org/10.1145/36206.36194,Publisher or scholarly copyright; source not bundled,scholarly or official literature source,Publisher or primary bibliographic record inspected; cited technical context checked; exact identifier retained in reference_audit.csv,Manuscript support/contrast in Related Work and Boundaries / Superoptimization and syntax-guided synthesis,Cited in manuscript; source file not bundled; row-level verification recorded in reference_audit.csv,C07,no,2026-09-16
Denali: Denali: A Goal-Directed Superoptimizer (2002),https://doi.org/10.1145/512529.512566,Publisher or scholarly copyright; source not bundled,scholarly or official literature source,Publisher or primary bibliographic record inspected; cited technical context checked; exact identifier retained in reference_audit.csv,Manuscript support/contrast in Related Work and Boundaries / Superoptimization and syntax-guided synthesis,Cited in manuscript; source file not bundled; row-level verification recorded in reference_audit.csv,C07,no,2026-09-16
BansalAiken2006: Automatic Generation of Peephole Superoptimizers (2006),https://doi.org/10.1145/1168857.1168906,Publisher or scholarly copyright; source not bundled,scholarly or official literature source,Publisher or primary bibliographic record inspected; cited technical context checked; exact identifier retained in reference_audit.csv,Manuscript support/contrast in Related Work and Boundaries / Superoptimization and syntax-guided synthesis,Cited in manuscript; source file not bundled; row-level verification recorded in reference_audit.csv,C07,no,2026-09-16
STOKE: Stochastic Superoptimization (2013),https://doi.org/10.1145/2451116.2451150,Publisher or scholarly copyright; source not bundled,scholarly or official literature source,Publisher or primary bibliographic record inspected; cited technical context checked; exact identifier retained in reference_audit.csv,Manuscript support/contrast in Related Work and Boundaries / Superoptimization and syntax-guided synthesis,Cited in manuscript; source file not bundled; row-level verification recorded in reference_audit.csv,C07,no,2026-09-16
STOKEFloating: Stochastic Optimization of Floating-Point Programs with Tunable Precision (2014),https://doi.org/10.1145/2594291.2594302,Publisher or scholarly copyright; source not bundled,scholarly or official literature source,Publisher or primary bibliographic record inspected; cited technical context checked; exact identifier retained in reference_audit.csv,Manuscript support/contrast in Related Work and Boundaries / Superoptimization and syntax-guided synthesis,Cited in manuscript; source file not bundled; row-level verification recorded in reference_audit.csv,C07,no,2026-09-16
GreenThumb: GreenThumb: Superoptimizer Construction Framework (2016),https://doi.org/10.1145/2872362.2872384,Publisher or scholarly copyright; source not bundled,scholarly or official literature source,Publisher or primary bibliographic record inspected; cited technical context checked; exact identifier retained in reference_audit.csv,Manuscript support/contrast in Related Work and Boundaries / Superoptimization and syntax-guided synthesis,Cited in manuscript; source file not bundled; row-level verification recorded in reference_audit.csv,C07,no,2026-09-16
Souper: Souper: A Synthesizing Superoptimizer (2017),https://doi.org/10.48550/arXiv.1711.04422,Author-posted preprint terms; source not bundled,scholarly or official literature source,Primary preprint record and technical description inspected; exact identifier retained in reference_audit.csv,Manuscript support/contrast in Related Work and Boundaries / Superoptimization and syntax-guided synthesis,Cited in manuscript; source file not bundled; row-level verification recorded in reference_audit.csv,C07,no,2026-09-16
Alive: Provably Correct Peephole Optimizations with Alive (2015),https://doi.org/10.1145/2737924.2737965,Publisher or scholarly copyright; source not bundled,scholarly or official literature source,Publisher or primary bibliographic record inspected; cited technical context checked; exact identifier retained in reference_audit.csv,Manuscript support/contrast in Related Work and Boundaries / Superoptimization and syntax-guided synthesis,Cited in manuscript; source file not bundled; row-level verification recorded in reference_audit.csv,C07,no,2026-09-16
Alive2: Alive2: Bounded Translation Validation for {LLVM} (2021),https://doi.org/10.1145/3453483.3454030,Publisher or scholarly copyright; source not bundled,scholarly or official literature source,Publisher or primary bibliographic record inspected; cited technical context checked; exact identifier retained in reference_audit.csv,Manuscript support/contrast in Related Work and Boundaries / Superoptimization and syntax-guided synthesis,Cited in manuscript; source file not bundled; row-level verification recorded in reference_audit.csv,C07,no,2026-09-16
EqualitySaturation: Equality Saturation: A New Approach to Optimization (2009),https://doi.org/10.1145/1480881.1480915,Publisher or scholarly copyright; source not bundled,scholarly or official literature source,Publisher or primary bibliographic record inspected; cited technical context checked; exact identifier retained in reference_audit.csv,Manuscript support/contrast in Related Work and Boundaries / Superoptimization and syntax-guided synthesis,Cited in manuscript; source file not bundled; row-level verification recorded in reference_audit.csv,C07,no,2026-09-16
Egg: Egg: Fast and Extensible Equality Saturation (2021),https://doi.org/10.1145/3434304,Publisher or scholarly copyright; source not bundled,scholarly or official literature source,Publisher or primary bibliographic record inspected; cited technical context checked; exact identifier retained in reference_audit.csv,Manuscript support/contrast in Related Work and Boundaries / Superoptimization and syntax-guided synthesis,Cited in manuscript; source file not bundled; row-level verification recorded in reference_audit.csv,C07,no,2026-09-16
Sketch: Combinatorial Sketching for Finite Programs (2006),https://doi.org/10.1145/1168857.1168907,Publisher or scholarly copyright; source not bundled,scholarly or official literature source,Publisher or primary bibliographic record inspected; cited technical context checked; exact identifier retained in reference_audit.csv,Manuscript support/contrast in Related Work and Boundaries / Superoptimization and syntax-guided synthesis,Cited in manuscript; source file not bundled; row-level verification recorded in reference_audit.csv,C07,no,2026-09-16
SyGuS: Syntax-Guided Synthesis (2013),https://doi.org/10.1109/FMCAD.2013.6679385,Publisher or scholarly copyright; source not bundled,scholarly or official literature source,Publisher or primary bibliographic record inspected; cited technical context checked; exact identifier retained in reference_audit.csv,Manuscript support/contrast in Related Work and Boundaries / Superoptimization and syntax-guided synthesis,Cited in manuscript; source file not bundled; row-level verification recorded in reference_audit.csv,C07,no,2026-09-16
CVC4SyGuS: Counterexample-Guided Quantifier Instantiation for Synthesis in {CVC4} (2015),https://doi.org/10.1007/978-3-319-21668-3_12,Publisher or scholarly copyright; source not bundled,scholarly or official literature source,Publisher or primary bibliographic record inspected; cited technical context checked; exact identifier retained in reference_audit.csv,Manuscript support/contrast in Related Work and Boundaries / Superoptimization and syntax-guided synthesis,Cited in manuscript; source file not bundled; row-level verification recorded in reference_audit.csv,C07,no,2026-09-16
Csmith: Finding and Understanding Bugs in {C} Compilers (2011),https://doi.org/10.1145/1993498.1993532,Publisher or scholarly copyright; source not bundled,scholarly or official literature source,Publisher or primary bibliographic record inspected; cited technical context checked; exact identifier retained in reference_audit.csv,Manuscript support/contrast in Related Work and Boundaries / Translation validation and checkable evidence,Cited in manuscript; source file not bundled; row-level verification recorded in reference_audit.csv,C07,no,2026-09-16
TranslationValidationPnueli: Translation Validation (1998),https://doi.org/10.1007/BFb0054170,Publisher or scholarly copyright; source not bundled,scholarly or official literature source,Publisher or primary bibliographic record inspected; cited technical context checked; exact identifier retained in reference_audit.csv,Manuscript support/contrast in Related Work and Boundaries / Translation validation and checkable evidence,Cited in manuscript; source file not bundled; row-level verification recorded in reference_audit.csv,C07,no,2026-09-16
Necula2000: Translation Validation for an Optimizing Compiler (2000),https://doi.org/10.1145/349299.349314,Publisher or scholarly copyright; source not bundled,scholarly or official literature source,Publisher or primary bibliographic record inspected; cited technical context checked; exact identifier retained in reference_audit.csv,Manuscript support/contrast in Related Work and Boundaries / Translation validation and checkable evidence,Cited in manuscript; source file not bundled; row-level verification recorded in reference_audit.csv,C07,no,2026-09-16
TristanLeroy: Formal Verification of Translation Validators: A Case Study on Instruction Scheduling Optimizations (2008),https://doi.org/10.1145/1328438.1328444,Publisher or scholarly copyright; source not bundled,scholarly or official literature source,Publisher or primary bibliographic record inspected; cited technical context checked; exact identifier retained in reference_audit.csv,Manuscript support/contrast in Related Work and Boundaries / Translation validation and checkable evidence,Cited in manuscript; source file not bundled; row-level verification recorded in reference_audit.csv,C07,no,2026-09-16
CompCert: Formal Verification of a Realistic Compiler (2009),https://doi.org/10.1145/1538788.1538814,Publisher or scholarly copyright; source not bundled,scholarly or official literature source,Publisher or primary bibliographic record inspected; cited technical context checked; exact identifier retained in reference_audit.csv,Manuscript support/contrast in Related Work and Boundaries / Translation validation and checkable evidence,Cited in manuscript; source file not bundled; row-level verification recorded in reference_audit.csv,C07,no,2026-09-16
SewellKernel: Translation Validation for a Verified {OS} Kernel (2013),https://doi.org/10.1145/2491956.2462183,Publisher or scholarly copyright; source not bundled,scholarly or official literature source,Publisher or primary bibliographic record inspected; cited technical context checked; exact identifier retained in reference_audit.csv,Manuscript support/contrast in Related Work and Boundaries / Translation validation and checkable evidence,Cited in manuscript; source file not bundled; row-level verification recorded in reference_audit.csv,C07,no,2026-09-16
Benton2004: Simple Relational Correctness Proofs for Static Analyses and Program Transformations (2004),https://doi.org/10.1145/964001.964003,Publisher or scholarly copyright; source not bundled,scholarly or official literature source,Publisher or primary bibliographic record inspected; cited technical context checked; exact identifier retained in reference_audit.csv,Manuscript support/contrast in Related Work and Boundaries / Translation validation and checkable evidence,Cited in manuscript; source file not bundled; row-level verification recorded in reference_audit.csv,C07,no,2026-09-16
MannaWaldinger1980: A Deductive Approach to Program Synthesis (1980),https://doi.org/10.1145/357084.357090,Publisher or scholarly copyright; source not bundled,scholarly or official literature source,Publisher or primary bibliographic record inspected; cited technical context checked; exact identifier retained in reference_audit.csv,Manuscript support/contrast in Related Work and Boundaries / Translation validation and checkable evidence,Cited in manuscript; source file not bundled; row-level verification recorded in reference_audit.csv,C07,no,2026-09-16
TanenbaumPeephole1982: Using Peephole Optimization on Intermediate Code (1982),https://doi.org/10.1145/357153.357155,Publisher or scholarly copyright; source not bundled,scholarly or official literature source,Publisher or primary bibliographic record inspected; cited technical context checked; exact identifier retained in reference_audit.csv,Manuscript support/contrast in Related Work and Boundaries / Translation validation and checkable evidence,Cited in manuscript; source file not bundled; row-level verification recorded in reference_audit.csv,C07,no,2026-09-16
AikenSafe1995: Safe: A Semantic Technique for Transforming Programs in the Presence of Errors (1995),https://doi.org/10.1145/200994.201002,Publisher or scholarly copyright; source not bundled,scholarly or official literature source,Publisher or primary bibliographic record inspected; cited technical context checked; exact identifier retained in reference_audit.csv,Manuscript support/contrast in Related Work and Boundaries / Translation validation and checkable evidence,Cited in manuscript; source file not bundled; row-level verification recorded in reference_audit.csv,C07,no,2026-09-16
BallLarus1994: Optimally Profiling and Tracing Programs (1994),https://doi.org/10.1145/183432.183527,Publisher or scholarly copyright; source not bundled,scholarly or official literature source,Publisher or primary bibliographic record inspected; cited technical context checked; exact identifier retained in reference_audit.csv,Manuscript support/contrast in Related Work and Boundaries / Translation validation and checkable evidence,Cited in manuscript; source file not bundled; row-level verification recorded in reference_audit.csv,C07,no,2026-09-16
Kalvala2009: Program Transformations Using Temporal Logic Side Conditions (2009),https://doi.org/10.1145/1516507.1516509,Publisher or scholarly copyright; source not bundled,scholarly or official literature source,Publisher or primary bibliographic record inspected; cited technical context checked; exact identifier retained in reference_audit.csv,Manuscript support/contrast in Related Work and Boundaries / Translation validation and checkable evidence,Cited in manuscript; source file not bundled; row-level verification recorded in reference_audit.csv,C07,no,2026-09-16
BartheKunz2011: An Abstract Model of Certificate Translation (2011),https://doi.org/10.1145/1985342.1985344,Publisher or scholarly copyright; source not bundled,scholarly or official literature source,Publisher or primary bibliographic record inspected; cited technical context checked; exact identifier retained in reference_audit.csv,Manuscript support/contrast in Related Work and Boundaries / Translation validation and checkable evidence,Cited in manuscript; source file not bundled; row-level verification recorded in reference_audit.csv,C07,no,2026-09-16
Botincan2013: Proof-Directed Parallelization Synthesis by Separation Logic (2013),https://doi.org/10.1145/2491522.2491525,Publisher or scholarly copyright; source not bundled,scholarly or official literature source,Publisher or primary bibliographic record inspected; cited technical context checked; exact identifier retained in reference_audit.csv,Manuscript support/contrast in Related Work and Boundaries / Translation validation and checkable evidence,Cited in manuscript; source file not bundled; row-level verification recorded in reference_audit.csv,C07,no,2026-09-16
"HerdingCats: Herding Cats: Modelling, Simulation, Testing, and Data-Mining for Weak Memory (2014)",https://doi.org/10.1145/2627752,Publisher or scholarly copyright; source not bundled,scholarly or official literature source,Publisher or primary bibliographic record inspected; cited technical context checked; exact identifier retained in reference_audit.csv,Manuscript support/contrast in Related Work and Boundaries / Translation validation and checkable evidence,Cited in manuscript; source file not bundled; row-level verification recorded in reference_audit.csv,C07,no,2026-09-16
ArmedCats: Armed Cats: Formal Concurrency Modeling at Arm (2021),https://doi.org/10.1145/3458926,Publisher or scholarly copyright; source not bundled,scholarly or official literature source,Publisher or primary bibliographic record inspected; cited technical context checked; exact identifier retained in reference_audit.csv,Manuscript support/contrast in Related Work and Boundaries / Translation validation and checkable evidence,Cited in manuscript; source file not bundled; row-level verification recorded in reference_audit.csv,C07,no,2026-09-16
AbateTraceRelating: An Extended Account of Trace-Relating Compiler Correctness and Secure Compilation (2021),https://doi.org/10.1145/3460860,Publisher or scholarly copyright; source not bundled,scholarly or official literature source,Publisher or primary bibliographic record inspected; cited technical context checked; exact identifier retained in reference_audit.csv,Manuscript support/contrast in Related Work and Boundaries / Translation validation and checkable evidence,Cited in manuscript; source file not bundled; row-level verification recorded in reference_audit.csv,C07,no,2026-09-16
Inverso2022: Bounded Verification of Multi-threaded Programs via Lazy Sequentialization (2022),https://doi.org/10.1145/3478536,Publisher or scholarly copyright; source not bundled,scholarly or official literature source,Publisher or primary bibliographic record inspected; cited technical context checked; exact identifier retained in reference_audit.csv,Manuscript support/contrast in Related Work and Boundaries / Translation validation and checkable evidence,Cited in manuscript; source file not bundled; row-level verification recorded in reference_audit.csv,C07,no,2026-09-16
Soares2023: Side-Channel Elimination via Partial Control-Flow Linearization (2023),https://doi.org/10.1145/3594736,Publisher or scholarly copyright; source not bundled,scholarly or official literature source,Publisher or primary bibliographic record inspected; cited technical context checked; exact identifier retained in reference_audit.csv,Manuscript support/contrast in Related Work and Boundaries / Translation validation and checkable evidence,Cited in manuscript; source file not bundled; row-level verification recorded in reference_audit.csv,C07,no,2026-09-16
ProofCarryingCode: Proof-Carrying Code (1997),https://doi.org/10.1145/263699.263712,Publisher or scholarly copyright; source not bundled,scholarly or official literature source,Publisher or primary bibliographic record inspected; cited technical context checked; exact identifier retained in reference_audit.csv,Manuscript support/contrast in Related Work and Boundaries / Translation validation and checkable evidence,Cited in manuscript; source file not bundled; row-level verification recorded in reference_audit.csv,C07,no,2026-09-16
CertificateChecking: Bringing Extensibility to Verified Compilers (2010),https://doi.org/10.1145/1806596.1806611,Publisher or scholarly copyright; source not bundled,scholarly or official literature source,Publisher or primary bibliographic record inspected; cited technical context checked; exact identifier retained in reference_audit.csv,Manuscript support/contrast in Related Work and Boundaries / Translation validation and checkable evidence,Cited in manuscript; source file not bundled; row-level verification recorded in reference_audit.csv,C07,no,2026-09-16
"SoftFloat: {Berkeley SoftFloat, Release 3e} (2018)",https://www.jhauser.us/arithmetic/SoftFloat-3/doc/SoftFloat.html,Official documentation or standards terms; source not bundled,scholarly or official literature source,Official document and bibliographic metadata inspected; exact source retained in reference_audit.csv,Manuscript support/contrast in Related Work and Boundaries / Formal floating-point semantics and verified optimization,Cited in manuscript; source file not bundled; row-level verification recorded in reference_audit.csv,C07,no,2026-09-16
Z3: {Z3}: An Efficient {SMT} Solver (2008),https://doi.org/10.1007/978-3-540-78800-3_24,Publisher or scholarly copyright; source not bundled,scholarly or official literature source,Publisher or primary bibliographic record inspected; cited technical context checked; exact identifier retained in reference_audit.csv,Manuscript support/contrast in Related Work and Boundaries / Superoptimization and syntax-guided synthesis,Cited in manuscript; source file not bundled; row-level verification recorded in reference_audit.csv,C07,no,2026-09-16
CVC4: {CVC4} (2011),https://doi.org/10.1007/978-3-642-22110-1_14,Publisher or scholarly copyright; source not bundled,scholarly or official literature source,Publisher or primary bibliographic record inspected; cited technical context checked; exact identifier retained in reference_audit.csv,Manuscript support/contrast in Related Work and Boundaries / Superoptimization and syntax-guided synthesis,Cited in manuscript; source file not bundled; row-level verification recorded in reference_audit.csv,C07,no,2026-09-16
SMTLIB: The {SMT-LIB} Standard: Version 2.7 (2026),https://smt-lib.org/language.shtml,Official documentation or standards terms; source not bundled,scholarly or official literature source,Official document and bibliographic metadata inspected; exact source retained in reference_audit.csv,Manuscript support/contrast in Related Work and Boundaries / Superoptimization and syntax-guided synthesis,Cited in manuscript; source file not bundled; row-level verification recorded in reference_audit.csv,C07,no,2026-09-16
BitBlasting: Boolector: An Efficient {SMT} Solver for Bit-Vectors and Arrays (2009),https://doi.org/10.1007/978-3-642-00768-2_16,Publisher or scholarly copyright; source not bundled,scholarly or official literature source,Publisher or primary bibliographic record inspected; cited technical context checked; exact identifier retained in reference_audit.csv,Manuscript support/contrast in Related Work and Boundaries / Superoptimization and syntax-guided synthesis,Cited in manuscript; source file not bundled; row-level verification recorded in reference_audit.csv,C07,no,2026-09-16
IEEEExceptions: Lecture Notes on the Status of {IEEE} Standard 754 for Binary Floating-Point Arithmetic (1996),https://people.eecs.berkeley.edu/~wkahan/ieee754status/IEEE754.PDF,Official documentation or standards terms; source not bundled,scholarly or official literature source,Official document and bibliographic metadata inspected; exact source retained in reference_audit.csv,Manuscript support/contrast in Related Work and Boundaries / Error-free transformations and extended precision,Cited in manuscript; source file not bundled; row-level verification recorded in reference_audit.csv,C07,no,2026-09-16
FPBench: Toward a Standard Benchmark Format and Suite for Floating-Point Analysis (2017),https://doi.org/10.1007/978-3-319-54292-8_6,Publisher or scholarly copyright; source not bundled,scholarly or official literature source,Publisher or primary bibliographic record inspected; cited technical context checked; exact identifier retained in reference_audit.csv,Manuscript support/contrast in Related Work and Boundaries / Formal floating-point semantics and verified optimization,Cited in manuscript; source file not bundled; row-level verification recorded in reference_audit.csv,C07,no,2026-09-16
ReproducibleResearch: Repeatability in Computer Systems Research (2016),https://doi.org/10.1145/2812803,Publisher or scholarly copyright; source not bundled,scholarly or official literature source,Publisher or primary bibliographic record inspected; cited technical context checked; exact identifier retained in reference_audit.csv,Manuscript support/contrast in Related Work and Boundaries / Reproducibility and evidence scope,Cited in manuscript; source file not bundled; row-level verification recorded in reference_audit.csv,C08;C11;C12;C20;C07,no,2026-09-16
Supplied ACM acmart class and ACM-Reference-Format style,https://www.acm.org/publications/authors/submissions,LPPL and supplied notices preserved,publisher typesetting assets,Matched user-supplied TEMPLATE archive; class header and bundle notices inspected,Paper formatting and bibliography only,Bundled unchanged in paper/; excluded from standalone artifact ZIP,C20,no,2026-09-16
TOPLAS author guidelines,https://dl.acm.org/journal/toplas/author-guidelines,Publisher website; not bundled,venue workflow guide,Official URL and search-visible metadata checked; direct final fetch remained unavailable in this environment,"External-use formatting, supplement, and policy recheck hold",Workflow source only; not a scientific citation,C20,no,2026-09-16
ACM authorship and generative-AI policy pages,https://www.acm.org/publications/policies/new-acm-policy-on-authorship,Publisher website; not bundled,publication policy,Official URL plus current ACM-event pages pointing to the policy checked; direct final policy fetch remained unavailable,Truthful substantive-AI disclosure and human external-use accountability hold,Workflow source only; not a scientific citation,C20,no,2026-09-16
GNU binutils assembler and object utilities,https://www.gnu.org/software/binutils/,GPL system tools; not redistributed,static assembly toolchain,Preinstalled local as/objcopy invoked through a transparent test wrapper,Independent reconstruction of the retained 30 instruction bytes; no target execution,Read-only subprocess use,C02,no,2026-09-16
Python standard library/runtime,https://docs.python.org/3/,PSF license; interpreter not redistributed,execution runtime,Preinstalled local interpreter,"Exact integer/rational models, finite enumeration, JSON replay, bounded orchestration",Standard-library imports and command execution,C01;C03;C08;C19,no,2026-09-16
Z3 local shared library runtime,https://github.com/Z3Prover/z3,MIT upstream; library not redistributed,optional SMT solver runtime,Preinstalled local C API used only by bounded pilot and fixed controls,Solver positive/negative controls and retained UNKNOWN full-grammar pilots,Transparent ctypes adapter; no solver internals modified,C07;C18,no,2026-09-16
Poppler PDF utilities,https://poppler.freedesktop.org/,GPL/LGPL source-specific terms; system tools not redistributed,PDF rendering and inspection tools,"Preinstalled pdftoppm, pdftotext, pdfinfo, pdffonts, and pdfimages",Fifty-page visual and structural inspection,Read-only subprocess use,C20,no,2026-09-16
GNU Compiler Collection (GCC),https://gcc.gnu.org/,GPL system tool; compiler not redistributed,optional host-conformance toolchain,Preinstalled local gcc invoked through the transparent hardware-conformance wrapper,Compilation of legacy SSE4.1 primitive and complete-block diagnostic probes,Read-only subprocess use; generated temporary executables and CSV files are not retained,C23,no,2026-09-19
