key,title,year,identifier_type,identifier,verification_source,verification_level,metadata_status,calibration_group,claim_use,verification_date,notes
ZhangAikenSC,High-Performance Branch-Free Algorithms for Extended-Precision Floating-Point Arithmetic,2025,doi,10.1145/3712285.3759876,https://doi.org/10.1145/3712285.3759876,publisher-or-primary-metadata,verified,adjacent,core semantics/method claim,2026-09-16,
ZhangAikenCAV,Automatic Verification of Floating-Point Accumulation Networks,2025,doi,10.1007/978-3-031-98682-6_12,https://doi.org/10.1007/978-3-031-98682-6_12,publisher-or-primary-metadata,verified,none,core semantics/method claim,2026-09-16,
KornerupSums,On the Computation of Correctly-Rounded Sums,2012,doi,10.1109/TC.2011.27,https://doi.org/10.1109/TC.2011.27,publisher-or-primary-metadata,verified,none,core semantics/method claim,2026-09-16,
AliveFP,{Alive-FP}: Automated Verification of Floating Point Based Peephole Optimizations in {LLVM},2016,doi,10.1007/978-3-662-53413-7_16,https://doi.org/10.1007/978-3-662-53413-7_16,publisher-or-primary-metadata,verified,adjacent,core semantics/method claim,2026-09-16,
SIPE,{SIPE}: Small Integer Plus Exponent,2013,doi,10.1109/ARITH.2013.22,https://doi.org/10.1109/ARITH.2013.22,publisher-or-primary-metadata,verified,none,core semantics/method claim,2026-09-16,
KouyaFMA,Performance Evaluation of Branch-Free Fused Multiply-Add Algorithms for Multi-Component-Type Multiple-Precision Floating-Point Arithmetic,2026,doi,10.48550/arXiv.2607.11391,https://doi.org/10.48550/arXiv.2607.11391,primary-preprint,verified,none,core semantics/method claim,2026-09-16,Preprint; not represented as peer reviewed.
IntelSDM,"{Intel 64 and IA-32 Architectures Software Developer's Manual, Combined Volumes 1, 2A--2D, 3A--3D, and 4}",2026,url,https://www.intel.com/content/www/us/en/developer/articles/technical/intel-sdm.html,https://www.intel.com/content/www/us/en/developer/articles/technical/intel-sdm.html,official-current-document,verified,none,core semantics/method claim,2026-09-16,"Updated from the 2016 Volume 1 record to the official 2026 combined manual set, Version 092."
IEEE754,{IEEE Standard for Floating-Point Arithmetic},2019,doi,10.1109/IEEESTD.2019.8766229,https://doi.org/10.1109/IEEESTD.2019.8766229,official-current-document,verified,none,core semantics/method claim,2026-09-16,
Goldberg1991,What Every Computer Scientist Should Know About Floating-Point Arithmetic,1991,doi,10.1145/103162.103163,https://doi.org/10.1145/103162.103163,publisher-or-primary-metadata,verified,foundational,core semantics/method claim,2026-09-16,
MullerHandbook,Handbook of Floating-Point Arithmetic,2018,doi,10.1007/978-3-319-76526-6,https://doi.org/10.1007/978-3-319-76526-6,authoritative-book-record,verified,none,core semantics/method claim,2026-09-16,Corrected to the verified nine-author second-edition list.
KnuthSeminumerical,"The Art of Computer Programming, Volume 2: Seminumerical Algorithms",1997,isbn,978-0-201-89684-8,https://search.worldcat.org/isbn/9780201896848,authoritative-book-record,verified,none,core semantics/method claim,2026-09-16,
Dekker1971,A Floating-Point Technique for Extending the Available Precision,1971,doi,10.1007/BF01397083,https://doi.org/10.1007/BF01397083,publisher-or-primary-metadata,verified,none,core semantics/method claim,2026-09-16,
Moller1965,Quasi Double-Precision in Floating Point Addition,1965,doi,10.1007/BF01975722,https://doi.org/10.1007/BF01975722,publisher-or-primary-metadata,verified,none,core semantics/method claim,2026-09-16,
Shewchuk1997,Adaptive Precision Floating-Point Arithmetic and Fast Robust Geometric Predicates,1997,doi,10.1007/PL00009321,https://doi.org/10.1007/PL00009321,publisher-or-primary-metadata,verified,none,core semantics/method claim,2026-09-16,
Priest1991,Algorithms for Arbitrary Precision Floating Point Arithmetic,1991,url,https://www.microsoft.com/en-us/research/publication/algorithms-for-arbitrary-precision-floating-point-arithmetic/,https://www.microsoft.com/en-us/research/publication/algorithms-for-arbitrary-precision-floating-point-arithmetic/,publisher-or-primary-metadata,verified,none,core semantics/method claim,2026-09-16,
QD2005,Algorithms for Quad-Double Precision Floating Point Arithmetic,2001,doi,10.1109/ARITH.2001.930115,https://doi.org/10.1109/ARITH.2001.930115,publisher-or-primary-metadata,verified,none,core semantics/method claim,2026-09-16,
OgitaRumpOishi2005,Accurate Sum and Dot Product,2005,doi,10.1137/030601818,https://doi.org/10.1137/030601818,publisher-or-primary-metadata,verified,none,core semantics/method claim,2026-09-16,
BoldoGraillatMuller2017,On the Robustness of the 2Sum and Fast2Sum Algorithms,2017,doi,10.1145/3054947,https://doi.org/10.1145/3054947,publisher-or-primary-metadata,verified,none,core semantics/method claim,2026-09-16,
Monniaux2008,The Pitfalls of Verifying Floating-Point Computations,2008,doi,10.1145/1353445.1353446,https://doi.org/10.1145/1353445.1353446,publisher-or-primary-metadata,verified,none,core semantics/method claim,2026-09-16,
Flocq2011,Flocq: A Unified Library for Proving Floating-Point Algorithms in {Coq},2011,doi,10.1109/ARITH.2011.40,https://doi.org/10.1109/ARITH.2011.40,publisher-or-primary-metadata,verified,none,core semantics/method claim,2026-09-16,
Gappa2005,Certification of Bounds on Expressions Involving Rounded Operators,2007,url,https://arxiv.org/abs/cs/0701186,https://arxiv.org/abs/cs/0701186,primary-preprint,verified,none,core semantics/method claim,2026-09-16,
FPTaylor,Rigorous Estimation of Floating-Point Round-Off Errors with Symbolic Taylor Expansions,2015,doi,10.1007/978-3-319-19249-9_33,https://doi.org/10.1007/978-3-319-19249-9_33,publisher-or-primary-metadata,verified,adjacent,core semantics/method claim,2026-09-16,
Herbie,Automatically Improving Accuracy for Floating Point Expressions,2015,doi,10.1145/2737924.2737959,https://doi.org/10.1145/2737924.2737959,publisher-or-primary-metadata,verified,none,related-work or methodological positioning,2026-09-16,
SoundCompilationReals,Sound Compilation of Reals,2014,doi,10.1145/2535838.2535874,https://doi.org/10.1145/2535838.2535874,publisher-or-primary-metadata,verified,none,related-work or methodological positioning,2026-09-16,
Daisy,Sound Mixed-Precision Optimization with Rewriting,2018,doi,10.1109/ICCPS.2018.00028,https://doi.org/10.1109/ICCPS.2018.00028,publisher-or-primary-metadata,verified,none,related-work or methodological positioning,2026-09-16,
RLibm,{RLibm}: A Correctly Rounded Math Library for Multiple Floating-Point Representations,2021,doi,10.1145/3453483.3454049,https://doi.org/10.1145/3453483.3454049,publisher-or-primary-metadata,verified,none,related-work or methodological positioning,2026-09-16,
RLibmAll,{RLibm-All}: A Novel Polynomial Approximation Method to Produce Correctly Rounded Results for Multiple Representations and Rounding Modes,2022,doi,10.1145/3498664,https://doi.org/10.1145/3498664,publisher-or-primary-metadata,verified,none,related-work or methodological positioning,2026-09-16,
Massalin1987,Superoptimizer: A Look at the Smallest Program,1987,doi,10.1145/36206.36194,https://doi.org/10.1145/36206.36194,publisher-or-primary-metadata,verified,foundational,related-work or methodological positioning,2026-09-16,
Denali,Denali: A Goal-Directed Superoptimizer,2002,doi,10.1145/512529.512566,https://doi.org/10.1145/512529.512566,publisher-or-primary-metadata,verified,none,related-work or methodological positioning,2026-09-16,
BansalAiken2006,Automatic Generation of Peephole Superoptimizers,2006,doi,10.1145/1168857.1168906,https://doi.org/10.1145/1168857.1168906,publisher-or-primary-metadata,verified,none,related-work or methodological positioning,2026-09-16,
STOKE,Stochastic Superoptimization,2013,doi,10.1145/2451116.2451150,https://doi.org/10.1145/2451116.2451150,publisher-or-primary-metadata,verified,adjacent,related-work or methodological positioning,2026-09-16,
STOKEFloating,Stochastic Optimization of Floating-Point Programs with Tunable Precision,2014,doi,10.1145/2594291.2594302,https://doi.org/10.1145/2594291.2594302,publisher-or-primary-metadata,verified,none,related-work or methodological positioning,2026-09-16,
GreenThumb,GreenThumb: Superoptimizer Construction Framework,2016,doi,10.1145/2872362.2872384,https://doi.org/10.1145/2872362.2872384,publisher-or-primary-metadata,verified,adjacent,related-work or methodological positioning,2026-09-16,
Souper,Souper: A Synthesizing Superoptimizer,2017,doi,10.48550/arXiv.1711.04422,https://doi.org/10.48550/arXiv.1711.04422,primary-preprint,verified,none,related-work or methodological positioning,2026-09-16,Corrected from an unrelated ASPLOS DOI and truncated/wrong author list to arXiv:1711.04422.
Alive,Provably Correct Peephole Optimizations with Alive,2015,doi,10.1145/2737924.2737965,https://doi.org/10.1145/2737924.2737965,publisher-or-primary-metadata,verified,foundational,related-work or methodological positioning,2026-09-16,
Alive2,Alive2: Bounded Translation Validation for {LLVM},2021,doi,10.1145/3453483.3454030,https://doi.org/10.1145/3453483.3454030,publisher-or-primary-metadata,verified,none,related-work or methodological positioning,2026-09-16,
EqualitySaturation,Equality Saturation: A New Approach to Optimization,2009,doi,10.1145/1480881.1480915,https://doi.org/10.1145/1480881.1480915,publisher-or-primary-metadata,verified,foundational,related-work or methodological positioning,2026-09-16,
Egg,Egg: Fast and Extensible Equality Saturation,2021,doi,10.1145/3434304,https://doi.org/10.1145/3434304,publisher-or-primary-metadata,verified,none,related-work or methodological positioning,2026-09-16,
Sketch,Combinatorial Sketching for Finite Programs,2006,doi,10.1145/1168857.1168907,https://doi.org/10.1145/1168857.1168907,publisher-or-primary-metadata,verified,none,related-work or methodological positioning,2026-09-16,
SyGuS,Syntax-Guided Synthesis,2013,doi,10.1109/FMCAD.2013.6679385,https://doi.org/10.1109/FMCAD.2013.6679385,publisher-or-primary-metadata,verified,none,related-work or methodological positioning,2026-09-16,
CVC4SyGuS,Counterexample-Guided Quantifier Instantiation for Synthesis in {CVC4},2015,doi,10.1007/978-3-319-21668-3_12,https://doi.org/10.1007/978-3-319-21668-3_12,publisher-or-primary-metadata,verified,none,related-work or methodological positioning,2026-09-16,
Csmith,Finding and Understanding Bugs in {C} Compilers,2011,doi,10.1145/1993498.1993532,https://doi.org/10.1145/1993498.1993532,publisher-or-primary-metadata,verified,none,related-work or methodological positioning,2026-09-16,
TranslationValidationPnueli,Translation Validation,1998,doi,10.1007/BFb0054170,https://doi.org/10.1007/BFb0054170,publisher-or-primary-metadata,verified,none,related-work or methodological positioning,2026-09-16,
Necula2000,Translation Validation for an Optimizing Compiler,2000,doi,10.1145/349299.349314,https://doi.org/10.1145/349299.349314,publisher-or-primary-metadata,verified,none,related-work or methodological positioning,2026-09-16,
TristanLeroy,Formal Verification of Translation Validators: A Case Study on Instruction Scheduling Optimizations,2008,doi,10.1145/1328438.1328444,https://doi.org/10.1145/1328438.1328444,publisher-or-primary-metadata,verified,none,related-work or methodological positioning,2026-09-16,
CompCert,Formal Verification of a Realistic Compiler,2009,doi,10.1145/1538788.1538814,https://doi.org/10.1145/1538788.1538814,publisher-or-primary-metadata,verified,foundational,related-work or methodological positioning,2026-09-16,
SewellKernel,Translation Validation for a Verified {OS} Kernel,2013,doi,10.1145/2491956.2462183,https://doi.org/10.1145/2491956.2462183,publisher-or-primary-metadata,verified,none,related-work or methodological positioning,2026-09-16,
Benton2004,Simple Relational Correctness Proofs for Static Analyses and Program Transformations,2004,doi,10.1145/964001.964003,https://doi.org/10.1145/964001.964003,publisher-or-primary-metadata,verified,none,related-work or methodological positioning,2026-09-16,
MannaWaldinger1980,A Deductive Approach to Program Synthesis,1980,doi,10.1145/357084.357090,https://doi.org/10.1145/357084.357090,publisher-or-primary-metadata,verified,toplas,related-work or methodological positioning,2026-09-16,
TanenbaumPeephole1982,Using Peephole Optimization on Intermediate Code,1982,doi,10.1145/357153.357155,https://doi.org/10.1145/357153.357155,publisher-or-primary-metadata,verified,toplas,related-work or methodological positioning,2026-09-16,
AikenSafe1995,Safe: A Semantic Technique for Transforming Programs in the Presence of Errors,1995,doi,10.1145/200994.201002,https://doi.org/10.1145/200994.201002,publisher-or-primary-metadata,verified,toplas,related-work or methodological positioning,2026-09-16,
BallLarus1994,Optimally Profiling and Tracing Programs,1994,doi,10.1145/183432.183527,https://doi.org/10.1145/183432.183527,publisher-or-primary-metadata,verified,toplas,related-work or methodological positioning,2026-09-16,
Kalvala2009,Program Transformations Using Temporal Logic Side Conditions,2009,doi,10.1145/1516507.1516509,https://doi.org/10.1145/1516507.1516509,publisher-or-primary-metadata,verified,toplas,related-work or methodological positioning,2026-09-16,
BartheKunz2011,An Abstract Model of Certificate Translation,2011,doi,10.1145/1985342.1985344,https://doi.org/10.1145/1985342.1985344,publisher-or-primary-metadata,verified,toplas,related-work or methodological positioning,2026-09-16,
Botincan2013,Proof-Directed Parallelization Synthesis by Separation Logic,2013,doi,10.1145/2491522.2491525,https://doi.org/10.1145/2491522.2491525,publisher-or-primary-metadata,verified,toplas,related-work or methodological positioning,2026-09-16,
HerdingCats,"Herding Cats: Modelling, Simulation, Testing, and Data-Mining for Weak Memory",2014,doi,10.1145/2627752,https://doi.org/10.1145/2627752,publisher-or-primary-metadata,verified,toplas,related-work or methodological positioning,2026-09-16,
ArmedCats,Armed Cats: Formal Concurrency Modeling at Arm,2021,doi,10.1145/3458926,https://doi.org/10.1145/3458926,publisher-or-primary-metadata,verified,toplas,related-work or methodological positioning,2026-09-16,
AbateTraceRelating,An Extended Account of Trace-Relating Compiler Correctness and Secure Compilation,2021,doi,10.1145/3460860,https://doi.org/10.1145/3460860,publisher-or-primary-metadata,verified,toplas,related-work or methodological positioning,2026-09-16,
Inverso2022,Bounded Verification of Multi-threaded Programs via Lazy Sequentialization,2022,doi,10.1145/3478536,https://doi.org/10.1145/3478536,publisher-or-primary-metadata,verified,toplas,related-work or methodological positioning,2026-09-16,
Soares2023,Side-Channel Elimination via Partial Control-Flow Linearization,2023,doi,10.1145/3594736,https://doi.org/10.1145/3594736,publisher-or-primary-metadata,verified,toplas,related-work or methodological positioning,2026-09-16,
ProofCarryingCode,Proof-Carrying Code,1997,doi,10.1145/263699.263712,https://doi.org/10.1145/263699.263712,publisher-or-primary-metadata,verified,none,related-work or methodological positioning,2026-09-16,
CertificateChecking,Bringing Extensibility to Verified Compilers,2010,doi,10.1145/1806596.1806611,https://doi.org/10.1145/1806596.1806611,publisher-or-primary-metadata,verified,none,related-work or methodological positioning,2026-09-16,
SoftFloat,"{Berkeley SoftFloat, Release 3e}",2018,url,https://www.jhauser.us/arithmetic/SoftFloat-3/doc/SoftFloat.html,https://www.jhauser.us/arithmetic/SoftFloat-3/doc/SoftFloat.html,official-current-document,verified,none,core semantics/method claim,2026-09-16,
Z3,{Z3}: An Efficient {SMT} Solver,2008,doi,10.1007/978-3-540-78800-3_24,https://doi.org/10.1007/978-3-540-78800-3_24,publisher-or-primary-metadata,verified,none,related-work or methodological positioning,2026-09-16,
CVC4,{CVC4},2011,doi,10.1007/978-3-642-22110-1_14,https://doi.org/10.1007/978-3-642-22110-1_14,publisher-or-primary-metadata,verified,none,related-work or methodological positioning,2026-09-16,
SMTLIB,The {SMT-LIB} Standard: Version 2.7,2026,url,https://smt-lib.org/language.shtml,https://smt-lib.org/language.shtml,official-current-document,verified,none,related-work or methodological positioning,2026-09-16,Updated from Version 2.6 (2017) to the current Version 2.7 reference release (2026-03-27).
BitBlasting,Boolector: An Efficient {SMT} Solver for Bit-Vectors and Arrays,2009,doi,10.1007/978-3-642-00768-2_16,https://doi.org/10.1007/978-3-642-00768-2_16,publisher-or-primary-metadata,verified,none,related-work or methodological positioning,2026-09-16,
IEEEExceptions,Lecture Notes on the Status of {IEEE} Standard 754 for Binary Floating-Point Arithmetic,1996,url,https://people.eecs.berkeley.edu/~wkahan/ieee754status/IEEE754.PDF,https://people.eecs.berkeley.edu/~wkahan/ieee754status/IEEE754.PDF,official-current-document,verified,none,related-work or methodological positioning,2026-09-16,
FPBench,Toward a Standard Benchmark Format and Suite for Floating-Point Analysis,2017,doi,10.1007/978-3-319-54292-8_6,https://doi.org/10.1007/978-3-319-54292-8_6,publisher-or-primary-metadata,verified,none,related-work or methodological positioning,2026-09-16,
ReproducibleResearch,Repeatability in Computer Systems Research,2016,doi,10.1145/2812803,https://doi.org/10.1145/2812803,publisher-or-primary-metadata,verified,none,related-work or methodological positioning,2026-09-16,
